{"v":"4.8.0","meta":{"g":"LottieFiles AE 1.1.0","a":"","k":"","d":"","tc":"#ffffff"},"fr":60,"ip":0,"op":360,"w":600,"h":600,"nm":"my otp girl","ddd":0,"assets":[],"layers":[{"ddd":0,"ind":1,"ty":4,"nm":"Shape Layer 1","sr":1,"ks":{"o":{"a":0,"k":100,"ix":11},"r":{"a":0,"k":0,"ix":10},"p":{"a":0,"k":[300,502.75,0],"ix":2},"a":{"a":0,"k":[-30.5,226,0],"ix":1},"s":{"a":0,"k":[100,200,100],"ix":6}},"ao":0,"shapes":[{"ty":"gr","it":[{"ty":"rc","d":1,"s":{"a":0,"k":[365,2],"ix":2},"p":{"a":0,"k":[0,0],"ix":3},"r":{"a":0,"k":0,"ix":4},"nm":"Rectangle Path 1","mn":"ADBE Vector Shape - Rect","hd":false},{"ty":"st","c":{"a":0,"k":[1,1,1,1],"ix":3},"o":{"a":0,"k":100,"ix":4},"w":{"a":0,"k":0,"ix":5},"lc":1,"lj":1,"ml":4,"bm":0,"nm":"Stroke 1","mn":"ADBE Vector Graphic - Stroke","hd":false},{"ty":"fl","c":{"a":0,"k":[0.862745157878,0.933333393172,1,1],"ix":4},"o":{"a":0,"k":100,"ix":5},"r":1,"bm":0,"nm":"Fill 1","mn":"ADBE Vector Graphic - Fill","hd":false},{"ty":"tr","p":{"a":0,"k":[-30.5,226],"ix":2},"a":{"a":0,"k":[0,0],"ix":1},"s":{"a":0,"k":[100,100],"ix":3},"r":{"a":0,"k":0,"ix":6},"o":{"a":0,"k":100,"ix":7},"sk":{"a":0,"k":0,"ix":4},"sa":{"a":0,"k":0,"ix":5},"nm":"Transform"}],"nm":"Rectangle 1","np":3,"cix":2,"bm":0,"ix":1,"mn":"ADBE Vector Group","hd":false}],"ip":0,"op":540,"st":0,"bm":0},{"ddd":0,"ind":2,"ty":3,"nm":"Null 3","sr":1,"ks":{"o":{"a":0,"k":0,"ix":11},"r":{"a":0,"k":0,"ix":10},"p":{"a":0,"k":[277,300,0],"ix":2},"a":{"a":0,"k":[0,0,0],"ix":1},"s":{"a":0,"k":[100,100,100],"ix":6}},"ao":0,"ip":0,"op":540,"st":0,"bm":0},{"ddd":0,"ind":3,"ty":4,"nm":"message Outlines 4","parent":7,"sr":1,"ks":{"o":{"a":1,"k":[{"i":{"x":[0.833],"y":[0.833]},"o":{"x":[0.167],"y":[0.167]},"t":134,"s":[0]},{"i":{"x":[0.667],"y":[1]},"o":{"x":[0.167],"y":[0]},"t":138,"s":[100]},{"i":{"x":[0.438],"y":[1]},"o":{"x":[0.565],"y":[0]},"t":344,"s":[100]},{"t":357,"s":[0]}],"ix":11},"r":{"a":0,"k":0,"ix":10},"p":{"a":0,"k":[354.629,175,0],"ix":2},"a":{"a":0,"k":[300,300,0],"ix":1},"s":{"a":0,"k":[51,51,100],"ix":6}},"ao":0,"shapes":[{"ty":"gr","it":[{"ty":"gr","it":[{"ind":0,"ty":"sh","ix":1,"ks":{"a":0,"k":{"i":[[0,0],[0,0]],"o":[[0,0],[0,0]],"v":[[5,5],[-5,-5]],"c":false},"ix":2},"nm":"Path 1","mn":"ADBE Vector Shape - Group","hd":false},{"ty":"st","c":{"a":0,"k":[0,0,0,1],"ix":3},"o":{"a":0,"k":100,"ix":4},"w":{"a":0,"k":10,"ix":5},"lc":2,"lj":2,"bm":0,"nm":"Stroke 1","mn":"ADBE Vector Graphic - Stroke","hd":false},{"ty":"fl","c":{"a":0,"k":[1,1,1,1],"ix":4},"o":{"a":0,"k":100,"ix":5},"r":1,"bm":0,"nm":"Fill 1","mn":"ADBE Vector Graphic - Fill","hd":false},{"ty":"tr","p":{"a":0,"k":[383.495,268.266],"ix":2},"a":{"a":0,"k":[0,0],"ix":1},"s":{"a":0,"k":[100,100],"ix":3},"r":{"a":0,"k":0,"ix":6},"o":{"a":0,"k":100,"ix":7},"sk":{"a":0,"k":0,"ix":4},"sa":{"a":0,"k":0,"ix":5},"nm":"Transform"}],"nm":"Group 5","np":3,"cix":2,"bm":0,"ix":1,"mn":"ADBE Vector Group","hd":false},{"ty":"gr","it":[{"ind":0,"ty":"sh","ix":1,"ks":{"a":0,"k":{"i":[[0,0],[0,0]],"o":[[0,0],[0,0]],"v":[[5,-5],[-5,5]],"c":false},"ix":2},"nm":"Path 1","mn":"ADBE Vector Shape - Group","hd":false},{"ty":"st","c":{"a":0,"k":[0,0,0,1],"ix":3},"o":{"a":0,"k":100,"ix":4},"w":{"a":0,"k":10,"ix":5},"lc":2,"lj":2,"bm":0,"nm":"Stroke 1","mn":"ADBE Vector Graphic - Stroke","hd":false},{"ty":"fl","c":{"a":0,"k":[1,1,1,1],"ix":4},"o":{"a":0,"k":100,"ix":5},"r":1,"bm":0,"nm":"Fill 1","mn":"ADBE Vector Graphic - Fill","hd":false},{"ty":"tr","p":{"a":0,"k":[383.495,268.266],"ix":2},"a":{"a":0,"k":[0,0],"ix":1},"s":{"a":0,"k":[100,100],"ix":3},"r":{"a":0,"k":0,"ix":6},"o":{"a":0,"k":100,"ix":7},"sk":{"a":0,"k":0,"ix":4},"sa":{"a":0,"k":0,"ix":5},"nm":"Transform"}],"nm":"Group 6","np":3,"cix":2,"bm":0,"ix":2,"mn":"ADBE Vector Group","hd":false},{"ty":"tr","p":{"a":0,"k":[383.495,268.266],"ix":2},"a":{"a":0,"k":[383.495,268.266],"ix":1},"s":{"a":1,"k":[{"i":{"x":[0.667,0.667],"y":[1,1]},"o":{"x":[0.333,0.333],"y":[0,0]},"t":166,"s":[0,0]},{"t":178,"s":[100,100]}],"ix":3},"r":{"a":0,"k":0,"ix":6},"o":{"a":0,"k":100,"ix":7},"sk":{"a":0,"k":0,"ix":4},"sa":{"a":0,"k":0,"ix":5},"nm":"Transform"}],"nm":"Group 16","np":2,"cix":2,"bm":0,"ix":2,"mn":"ADBE Vector Group","hd":false},{"ty":"gr","it":[{"ty":"gr","it":[{"ind":0,"ty":"sh","ix":1,"ks":{"a":0,"k":{"i":[[0,0],[0,0]],"o":[[0,0],[0,0]],"v":[[5,5],[-5,-5]],"c":false},"ix":2},"nm":"Path 1","mn":"ADBE Vector Shape - Group","hd":false},{"ty":"st","c":{"a":0,"k":[0,0,0,1],"ix":3},"o":{"a":0,"k":100,"ix":4},"w":{"a":0,"k":10,"ix":5},"lc":2,"lj":2,"bm":0,"nm":"Stroke 1","mn":"ADBE Vector Graphic - Stroke","hd":false},{"ty":"fl","c":{"a":0,"k":[1,1,1,1],"ix":4},"o":{"a":0,"k":100,"ix":5},"r":1,"bm":0,"nm":"Fill 1","mn":"ADBE Vector Graphic - Fill","hd":false},{"ty":"tr","p":{"a":0,"k":[350.495,268.266],"ix":2},"a":{"a":0,"k":[0,0],"ix":1},"s":{"a":0,"k":[100,100],"ix":3},"r":{"a":0,"k":0,"ix":6},"o":{"a":0,"k":100,"ix":7},"sk":{"a":0,"k":0,"ix":4},"sa":{"a":0,"k":0,"ix":5},"nm":"Transform"}],"nm":"Group 7","np":3,"cix":2,"bm":0,"ix":1,"mn":"ADBE Vector Group","hd":false},{"ty":"gr","it":[{"ind":0,"ty":"sh","ix":1,"ks":{"a":0,"k":{"i":[[0,0],[0,0]],"o":[[0,0],[0,0]],"v":[[5,-5],[-5,5]],"c":false},"ix":2},"nm":"Path 1","mn":"ADBE Vector Shape - Group","hd":false},{"ty":"st","c":{"a":0,"k":[0,0,0,1],"ix":3},"o":{"a":0,"k":100,"ix":4},"w":{"a":0,"k":10,"ix":5},"lc":2,"lj":2,"bm":0,"nm":"Stroke 1","mn":"ADBE Vector Graphic - Stroke","hd":false},{"ty":"fl","c":{"a":0,"k":[1,1,1,1],"ix":4},"o":{"a":0,"k":100,"ix":5},"r":1,"bm":0,"nm":"Fill 1","mn":"ADBE Vector Graphic - Fill","hd":false},{"ty":"tr","p":{"a":0,"k":[350.495,268.266],"ix":2},"a":{"a":0,"k":[0,0],"ix":1},"s":{"a":0,"k":[100,100],"ix":3},"r":{"a":0,"k":0,"ix":6},"o":{"a":0,"k":100,"ix":7},"sk":{"a":0,"k":0,"ix":4},"sa":{"a":0,"k":0,"ix":5},"nm":"Transform"}],"nm":"Group 8","np":3,"cix":2,"bm":0,"ix":2,"mn":"ADBE Vector Group","hd":false},{"ty":"tr","p":{"a":0,"k":[350.495,268.266],"ix":2},"a":{"a":0,"k":[350.495,268.266],"ix":1},"s":{"a":1,"k":[{"i":{"x":[0.667,0.667],"y":[1,1]},"o":{"x":[0.333,0.333],"y":[0,0]},"t":164,"s":[0,0]},{"t":176,"s":[100,100]}],"ix":3},"r":{"a":0,"k":0,"ix":6},"o":{"a":0,"k":100,"ix":7},"sk":{"a":0,"k":0,"ix":4},"sa":{"a":0,"k":0,"ix":5},"nm":"Transform"}],"nm":"Group 17","np":2,"cix":2,"bm":0,"ix":3,"mn":"ADBE Vector Group","hd":false},{"ty":"gr","it":[{"ty":"gr","it":[{"ind":0,"ty":"sh","ix":1,"ks":{"a":0,"k":{"i":[[0,0],[0,0]],"o":[[0,0],[0,0]],"v":[[5,5],[-5,-5]],"c":false},"ix":2},"nm":"Path 1","mn":"ADBE Vector Shape - Group","hd":false},{"ty":"st","c":{"a":0,"k":[0,0,0,1],"ix":3},"o":{"a":0,"k":100,"ix":4},"w":{"a":0,"k":10,"ix":5},"lc":2,"lj":2,"bm":0,"nm":"Stroke 1","mn":"ADBE Vector Graphic - Stroke","hd":false},{"ty":"fl","c":{"a":0,"k":[1,1,1,1],"ix":4},"o":{"a":0,"k":100,"ix":5},"r":1,"bm":0,"nm":"Fill 1","mn":"ADBE Vector Graphic - Fill","hd":false},{"ty":"tr","p":{"a":0,"k":[317.495,268.266],"ix":2},"a":{"a":0,"k":[0,0],"ix":1},"s":{"a":0,"k":[100,100],"ix":3},"r":{"a":0,"k":0,"ix":6},"o":{"a":0,"k":100,"ix":7},"sk":{"a":0,"k":0,"ix":4},"sa":{"a":0,"k":0,"ix":5},"nm":"Transform"}],"nm":"Group 9","np":3,"cix":2,"bm":0,"ix":1,"mn":"ADBE Vector Group","hd":false},{"ty":"gr","it":[{"ind":0,"ty":"sh","ix":1,"ks":{"a":0,"k":{"i":[[0,0],[0,0]],"o":[[0,0],[0,0]],"v":[[5,-5],[-5,5]],"c":false},"ix":2},"nm":"Path 1","mn":"ADBE Vector Shape - Group","hd":false},{"ty":"st","c":{"a":0,"k":[0,0,0,1],"ix":3},"o":{"a":0,"k":100,"ix":4},"w":{"a":0,"k":10,"ix":5},"lc":2,"lj":2,"bm":0,"nm":"Stroke 1","mn":"ADBE Vector Graphic - Stroke","hd":false},{"ty":"fl","c":{"a":0,"k":[1,1,1,1],"ix":4},"o":{"a":0,"k":100,"ix":5},"r":1,"bm":0,"nm":"Fill 1","mn":"ADBE Vector Graphic - Fill","hd":false},{"ty":"tr","p":{"a":0,"k":[317.495,268.266],"ix":2},"a":{"a":0,"k":[0,0],"ix":1},"s":{"a":0,"k":[100,100],"ix":3},"r":{"a":0,"k":0,"ix":6},"o":{"a":0,"k":100,"ix":7},"sk":{"a":0,"k":0,"ix":4},"sa":{"a":0,"k":0,"ix":5},"nm":"Transform"}],"nm":"Group 10","np":3,"cix":2,"bm":0,"ix":2,"mn":"ADBE Vector Group","hd":false},{"ty":"tr","p":{"a":0,"k":[317.495,268.266],"ix":2},"a":{"a":0,"k":[317.495,268.266],"ix":1},"s":{"a":1,"k":[{"i":{"x":[0.667,0.667],"y":[1,1]},"o":{"x":[0.333,0.333],"y":[0,0]},"t":162,"s":[0,0]},{"t":174,"s":[100,100]}],"ix":3},"r":{"a":0,"k":0,"ix":6},"o":{"a":0,"k":100,"ix":7},"sk":{"a":0,"k":0,"ix":4},"sa":{"a":0,"k":0,"ix":5},"nm":"Transform"}],"nm":"Group 18","np":2,"cix":2,"bm":0,"ix":4,"mn":"ADBE Vector Group","hd":false},{"ty":"gr","it":[{"ty":"gr","it":[{"ind":0,"ty":"sh","ix":1,"ks":{"a":0,"k":{"i":[[0,0],[0,0]],"o":[[0,0],[0,0]],"v":[[5,5],[-5,-5]],"c":false},"ix":2},"nm":"Path 1","mn":"ADBE Vector Shape - Group","hd":false},{"ty":"st","c":{"a":0,"k":[0,0,0,1],"ix":3},"o":{"a":0,"k":100,"ix":4},"w":{"a":0,"k":10,"ix":5},"lc":2,"lj":2,"bm":0,"nm":"Stroke 1","mn":"ADBE Vector Graphic - Stroke","hd":false},{"ty":"fl","c":{"a":0,"k":[1,1,1,1],"ix":4},"o":{"a":0,"k":100,"ix":5},"r":1,"bm":0,"nm":"Fill 1","mn":"ADBE Vector Graphic - Fill","hd":false},{"ty":"tr","p":{"a":0,"k":[284.495,268.266],"ix":2},"a":{"a":0,"k":[0,0],"ix":1},"s":{"a":0,"k":[100,100],"ix":3},"r":{"a":0,"k":0,"ix":6},"o":{"a":0,"k":100,"ix":7},"sk":{"a":0,"k":0,"ix":4},"sa":{"a":0,"k":0,"ix":5},"nm":"Transform"}],"nm":"Group 11","np":3,"cix":2,"bm":0,"ix":1,"mn":"ADBE Vector Group","hd":false},{"ty":"gr","it":[{"ind":0,"ty":"sh","ix":1,"ks":{"a":0,"k":{"i":[[0,0],[0,0]],"o":[[0,0],[0,0]],"v":[[5,-5],[-5,5]],"c":false},"ix":2},"nm":"Path 1","mn":"ADBE Vector Shape - Group","hd":false},{"ty":"st","c":{"a":0,"k":[0,0,0,1],"ix":3},"o":{"a":0,"k":100,"ix":4},"w":{"a":0,"k":10,"ix":5},"lc":2,"lj":2,"bm":0,"nm":"Stroke 1","mn":"ADBE Vector Graphic - Stroke","hd":false},{"ty":"fl","c":{"a":0,"k":[1,1,1,1],"ix":4},"o":{"a":0,"k":100,"ix":5},"r":1,"bm":0,"nm":"Fill 1","mn":"ADBE Vector Graphic - Fill","hd":false},{"ty":"tr","p":{"a":0,"k":[284.495,268.266],"ix":2},"a":{"a":0,"k":[0,0],"ix":1},"s":{"a":0,"k":[100,100],"ix":3},"r":{"a":0,"k":0,"ix":6},"o":{"a":0,"k":100,"ix":7},"sk":{"a":0,"k":0,"ix":4},"sa":{"a":0,"k":0,"ix":5},"nm":"Transform"}],"nm":"Group 12","np":3,"cix":2,"bm":0,"ix":2,"mn":"ADBE Vector Group","hd":false},{"ty":"tr","p":{"a":0,"k":[284.495,268.266],"ix":2},"a":{"a":0,"k":[284.495,268.266],"ix":1},"s":{"a":1,"k":[{"i":{"x":[0.667,0.667],"y":[1,1]},"o":{"x":[0.333,0.333],"y":[0,0]},"t":160,"s":[0,0]},{"t":172,"s":[100,100]}],"ix":3},"r":{"a":0,"k":0,"ix":6},"o":{"a":0,"k":100,"ix":7},"sk":{"a":0,"k":0,"ix":4},"sa":{"a":0,"k":0,"ix":5},"nm":"Transform"}],"nm":"Group 19","np":2,"cix":2,"bm":0,"ix":5,"mn":"ADBE Vector Group","hd":false},{"ty":"gr","it":[{"ind":0,"ty":"sh","ix":1,"ks":{"a":1,"k":[{"i":{"x":0.414,"y":1},"o":{"x":0.333,"y":0},"t":160,"s":[{"i":[[9.333,0],[0,0],[0,0],[0,0],[0,0],[-9.333,0],[0,0],[0,-9.112],[0,0]],"o":[[0,0],[0,0],[0,0],[0,0],[0,-9.112],[0,0],[9.333,0],[0,0],[0,9.113]],"v":[[-35.399,28.6],[-86.849,28.6],[-116.5,55],[-116.5,12.1],[-116.5,-38.5],[-99.601,-55],[-35.399,-55],[-18.5,-38.5],[-18.5,12.1]],"c":true}]},{"t":180,"s":[{"i":[[9.333,0],[0,0],[0,0],[0,0],[0,0],[-9.333,0],[0,0],[0,-9.112],[0,0]],"o":[[0,0],[0,0],[0,0],[0,0],[0,-9.112],[0,0],[9.333,0],[0,0],[0,9.113]],"v":[[36.366,28.649],[-86.849,28.6],[-116.5,55],[-116.5,12.1],[-116.5,-38.5],[-99.601,-55],[36.366,-54.951],[53.265,-38.451],[53.265,12.149]],"c":true}]}],"ix":2},"nm":"Path 1","mn":"ADBE Vector Shape - Group","hd":false},{"ty":"st","c":{"a":0,"k":[0.57599995931,0.616000007181,0.677999997606,1],"ix":3},"o":{"a":0,"k":100,"ix":4},"w":{"a":0,"k":10,"ix":5},"lc":2,"lj":2,"bm":0,"nm":"Stroke 1","mn":"ADBE Vector Graphic - Stroke","hd":false},{"ty":"fl","c":{"a":0,"k":[1,1,1,1],"ix":4},"o":{"a":0,"k":100,"ix":5},"r":1,"bm":0,"nm":"Fill 1","mn":"ADBE Vector Graphic - Fill","hd":false},{"ty":"tr","p":{"a":1,"k":[{"i":{"x":0.667,"y":1},"o":{"x":0.333,"y":0},"t":135,"s":[230.995,332.265],"to":[5,-2.833],"ti":[-5,2.833]},{"t":152,"s":[260.995,315.265]}],"ix":2},"a":{"a":0,"k":[-104,34],"ix":1},"s":{"a":1,"k":[{"i":{"x":[0.667,0.667],"y":[1,1]},"o":{"x":[0.333,0.333],"y":[0,0]},"t":135,"s":[52,52]},{"t":152,"s":[100,100]}],"ix":3},"r":{"a":1,"k":[{"i":{"x":[0.667],"y":[1]},"o":{"x":[0.333],"y":[0]},"t":135,"s":[12]},{"i":{"x":[0.667],"y":[1]},"o":{"x":[0.333],"y":[0]},"t":152,"s":[-3]},{"i":{"x":[0.667],"y":[1]},"o":{"x":[0.333],"y":[0]},"t":162,"s":[2]},{"t":172,"s":[0]}],"ix":6},"o":{"a":1,"k":[{"i":{"x":[0.667],"y":[1]},"o":{"x":[0.333],"y":[0]},"t":135,"s":[100]},{"t":140,"s":[100]}],"ix":7},"sk":{"a":0,"k":0,"ix":4},"sa":{"a":0,"k":0,"ix":5},"nm":"Transform"}],"nm":"Group 13","np":3,"cix":2,"bm":0,"ix":6,"mn":"ADBE Vector Group","hd":false}],"ip":92,"op":572,"st":92,"bm":0},{"ddd":0,"ind":4,"ty":4,"nm":"hand phone Outlines","parent":5,"sr":1,"ks":{"o":{"a":0,"k":100,"ix":11},"r":{"a":1,"k":[{"i":{"x":[0.507],"y":[1]},"o":{"x":[0.459],"y":[0]},"t":0,"s":[-5]},{"i":{"x":[0.444],"y":[1]},"o":{"x":[0.437],"y":[0]},"t":90,"s":[2]},{"i":{"x":[0.551],"y":[1]},"o":{"x":[0.448],"y":[0]},"t":180,"s":[-5]},{"i":{"x":[0.573],"y":[1]},"o":{"x":[0.478],"y":[0]},"t":270,"s":[2]},{"t":360,"s":[-5]}],"ix":10},"p":{"a":0,"k":[318.75,251.75,0],"ix":2},"a":{"a":0,"k":[318.75,251.75,0],"ix":1},"s":{"a":0,"k":[100,100,100],"ix":6}},"ao":0,"shapes":[{"ty":"gr","it":[{"ind":0,"ty":"sh","ix":1,"ks":{"a":0,"k":{"i":[[0,0],[0.588,0.147],[-0.27,1.18],[-0.589,-0.147],[0.271,-1.183]],"o":[[-0.271,1.181],[-0.589,-0.148],[0.272,-1.181],[0.588,0.146],[0,0]],"v":[[1.066,0.266],[-0.491,2.141],[-1.067,-0.265],[0.491,-2.141],[1.066,0.266]],"c":true},"ix":2},"nm":"Path 1","mn":"ADBE Vector Shape - Group","hd":false},{"ty":"fl","c":{"a":0,"k":[0.008000000785,0.004000000393,0.004000000393,1],"ix":4},"o":{"a":0,"k":100,"ix":5},"r":1,"bm":0,"nm":"Fill 1","mn":"ADBE Vector Graphic - Fill","hd":false},{"ty":"tr","p":{"a":0,"k":[329.881,218.299],"ix":2},"a":{"a":0,"k":[0,0],"ix":1},"s":{"a":0,"k":[100,100],"ix":3},"r":{"a":0,"k":0,"ix":6},"o":{"a":0,"k":100,"ix":7},"sk":{"a":0,"k":0,"ix":4},"sa":{"a":0,"k":0,"ix":5},"nm":"Transform"}],"nm":"Group 1","np":2,"cix":2,"bm":0,"ix":1,"mn":"ADBE Vector Group","hd":false},{"ty":"gr","it":[{"ind":0,"ty":"sh","ix":1,"ks":{"a":0,"k":{"i":[[0,0],[0.59,0.147],[-0.27,1.182],[-0.587,-0.147],[0.271,-1.183]],"o":[[-0.271,1.182],[-0.59,-0.148],[0.272,-1.182],[0.587,0.146],[0,0]],"v":[[1.066,0.266],[-0.491,2.141],[-1.067,-0.266],[0.491,-2.141],[1.066,0.266]],"c":true},"ix":2},"nm":"Path 1","mn":"ADBE Vector Shape - Group","hd":false},{"ty":"fl","c":{"a":0,"k":[0.008000000785,0.004000000393,0.004000000393,1],"ix":4},"o":{"a":0,"k":100,"ix":5},"r":1,"bm":0,"nm":"Fill 1","mn":"ADBE Vector Graphic - Fill","hd":false},{"ty":"tr","p":{"a":0,"k":[331.243,212.178],"ix":2},"a":{"a":0,"k":[0,0],"ix":1},"s":{"a":0,"k":[100,100],"ix":3},"r":{"a":0,"k":0,"ix":6},"o":{"a":0,"k":100,"ix":7},"sk":{"a":0,"k":0,"ix":4},"sa":{"a":0,"k":0,"ix":5},"nm":"Transform"}],"nm":"Group 2","np":2,"cix":2,"bm":0,"ix":2,"mn":"ADBE Vector Group","hd":false},{"ty":"gr","it":[{"ind":0,"ty":"sh","ix":1,"ks":{"a":0,"k":{"i":[[0,0],[1.202,-0.281],[-1.945,-2.515],[0.668,-1.382],[-2.237,-0.049],[1.159,-1.315],[-2.695,0.04],[0.481,-0.98],[-3.274,0.267],[0,0],[1.069,0.05],[0,0],[-0.053,1.224],[0,0],[-0.029,0.13],[0,0],[-1.07,-0.048],[0,0],[0.05,-1.223],[0.03,-0.134]],"o":[[-2.466,-1.613],[-1.47,0.344],[-3.152,1.266],[-0.461,0.959],[-1.647,0.602],[-0.542,1.11],[-2.381,1.086],[-0.797,1.652],[0,0],[-0.242,1.043],[0,0],[-1.224,-0.053],[0,0],[0.006,-0.135],[0,0],[0.242,-1.043],[0,0],[1.224,0.049],[-0.006,0.137],[0,0]],"v":[[8.876,-3.108],[2.183,-6.168],[5.394,0.581],[-2.604,5.123],[0.977,6.439],[-3.299,9.36],[1.369,10.675],[-3.715,13.975],[4.713,15.096],[3.866,18.79],[1.602,20.505],[-10.049,19.997],[-12.17,17.684],[-12.17,17.683],[-12.117,17.285],[-3.862,-18.789],[-1.6,-20.507],[10.048,-19.999],[12.173,-17.695],[12.118,-17.287]],"c":true},"ix":2},"nm":"Path 1","mn":"ADBE Vector Shape - Group","hd":false},{"ty":"fl","c":{"a":0,"k":[0.804000016755,0.830999995213,0.862999949736,1],"ix":4},"o":{"a":0,"k":100,"ix":5},"r":1,"bm":0,"nm":"Fill 1","mn":"ADBE Vector Graphic - Fill","hd":false},{"ty":"tr","p":{"a":0,"k":[333.165,228.174],"ix":2},"a":{"a":0,"k":[0,0],"ix":1},"s":{"a":0,"k":[100,100],"ix":3},"r":{"a":0,"k":0,"ix":6},"o":{"a":0,"k":100,"ix":7},"sk":{"a":0,"k":0,"ix":4},"sa":{"a":0,"k":0,"ix":5},"nm":"Transform"}],"nm":"Group 3","np":2,"cix":2,"bm":0,"ix":3,"mn":"ADBE Vector Group","hd":false},{"ty":"gr","it":[{"ind":0,"ty":"sh","ix":1,"ks":{"a":0,"k":{"i":[[0,0],[1.56,0.123],[-1.946,-2.532],[0,0],[0.661,-1.373],[-2.238,-0.049],[1.159,-1.315],[-2.694,0.039],[0.472,-0.98],[-3.037,0.114],[0,0],[1.071,0.047],[0,0],[-0.055,1.228],[-0.028,0.129],[0,0],[-1.072,-0.047],[0,0],[0.052,-1.224],[0.031,-0.132],[0,0]],"o":[[-1.266,-0.921],[-1.456,0.341],[0,0],[-3.143,1.266],[-0.462,0.959],[-1.647,0.603],[-0.543,1.109],[-2.38,1.085],[-0.601,1.247],[0,0],[-0.239,1.046],[0,0],[-1.227,-0.055],[0.006,-0.131],[0,0],[0.238,-1.046],[0,0],[1.225,0.052],[-0.006,0.136],[0,0],[0,0]],"v":[[9.179,-4.467],[4.857,-6.064],[8.015,0.628],[7.993,0.723],[0.071,5.236],[3.652,6.551],[-0.623,9.473],[4.044,10.788],[-1.039,14.088],[4.643,15.377],[3.864,18.786],[1.602,20.511],[-10.047,20.001],[-12.169,17.679],[-12.117,17.288],[-3.863,-18.787],[-1.601,-20.511],[10.048,-20.004],[12.172,-17.693],[12.118,-17.291],[9.184,-4.467]],"c":true},"ix":2},"nm":"Path 1","mn":"ADBE Vector Shape - Group","hd":false},{"ty":"fl","c":{"a":0,"k":[0.008000000785,0.004000000393,0.004000000393,1],"ix":4},"o":{"a":0,"k":100,"ix":5},"r":1,"bm":0,"nm":"Fill 1","mn":"ADBE Vector Graphic - Fill","hd":false},{"ty":"tr","p":{"a":0,"k":[330.49,228.07],"ix":2},"a":{"a":0,"k":[0,0],"ix":1},"s":{"a":0,"k":[100,100],"ix":3},"r":{"a":0,"k":0,"ix":6},"o":{"a":0,"k":100,"ix":7},"sk":{"a":0,"k":0,"ix":4},"sa":{"a":0,"k":0,"ix":5},"nm":"Transform"}],"nm":"Group 4","np":2,"cix":2,"bm":0,"ix":4,"mn":"ADBE Vector Group","hd":false},{"ty":"gr","it":[{"ind":0,"ty":"sh","ix":1,"ks":{"a":0,"k":{"i":[[0,0],[-1.315,1.784],[0,0],[0,0],[0,0],[-1.987,-1.019],[-2.03,-1.578],[3.337,-3.173],[4.017,-0.846],[-6.286,6.569]],"o":[[-0.426,-4.16],[2.426,-3.271],[0,0],[0,0],[2.132,0.666],[2.238,1.267],[1.614,1.151],[-2.301,2.17],[-7.889,7.86],[3.551,-3.71]],"v":[[-13.284,4.862],[-12.561,-6.063],[1.863,-19.228],[2.503,-10.972],[5.344,-20.672],[11.534,-18.14],[17.945,-13.866],[11.534,8.097],[-1.547,12.812],[-13.274,4.868]],"c":true},"ix":2},"nm":"Path 1","mn":"ADBE Vector Shape - Group","hd":false},{"ty":"fl","c":{"a":0,"k":[0.944999964097,0.642999985639,0.470999983245,1],"ix":4},"o":{"a":0,"k":100,"ix":5},"r":1,"bm":0,"nm":"Fill 1","mn":"ADBE Vector Graphic - Fill","hd":false},{"ty":"tr","p":{"a":0,"k":[327.754,241.493],"ix":2},"a":{"a":0,"k":[0,0],"ix":1},"s":{"a":0,"k":[100,100],"ix":3},"r":{"a":0,"k":0,"ix":6},"o":{"a":0,"k":100,"ix":7},"sk":{"a":0,"k":0,"ix":4},"sa":{"a":0,"k":0,"ix":5},"nm":"Transform"}],"nm":"Group 5","np":2,"cix":2,"bm":0,"ix":5,"mn":"ADBE Vector Group","hd":false}],"ip":0,"op":540,"st":0,"bm":0},{"ddd":0,"ind":5,"ty":4,"nm":"body Outlines","parent":7,"sr":1,"ks":{"o":{"a":0,"k":100,"ix":11},"r":{"a":0,"k":0,"ix":10},"p":{"a":0,"k":[248.729,331.384,0],"ix":2},"a":{"a":0,"k":[248.729,331.384,0],"ix":1},"s":{"a":0,"k":[100,100,100],"ix":6}},"ao":0,"shapes":[{"ty":"gr","it":[{"ind":0,"ty":"sh","ix":1,"ks":{"a":1,"k":[{"i":{"x":0.455,"y":1},"o":{"x":0.526,"y":0},"t":0,"s":[{"i":[[23.387,0],[0,0],[0,0],[0,0],[0,0],[0,0],[0,0]],"o":[[0,0],[0,0],[0,0],[0,0],[0,0],[0,0],[2.894,-23.163]],"v":[[18.423,-81.289],[18.423,-81.289],[-56.305,-34.663],[8.992,-35.113],[7.474,81.289],[41.685,81.289],[53.411,-46.015]],"c":true}]},{"i":{"x":0.469,"y":1},"o":{"x":0.541,"y":0},"t":90,"s":[{"i":[[20.395,0.603],[0,0],[0,0],[0,0],[0,0],[0,0],[0,0]],"o":[[0,0],[0,0],[0,0],[0,0],[0,0],[0,0],[-4.594,-21.172]],"v":[[18.423,-81.289],[18.423,-81.289],[-56.305,-34.663],[8.992,-35.113],[51.224,85.455],[85.935,76.94],[53.412,-46.015]],"c":true}]},{"i":{"x":0.455,"y":1},"o":{"x":0.526,"y":0},"t":180,"s":[{"i":[[23.387,0],[0,0],[0,0],[0,0],[0,0],[0,0],[0,0]],"o":[[0,0],[0,0],[0,0],[0,0],[0,0],[0,0],[2.894,-23.163]],"v":[[18.423,-81.289],[18.423,-81.289],[-56.305,-34.663],[8.992,-35.113],[7.474,81.289],[41.685,81.289],[53.411,-46.015]],"c":true}]},{"i":{"x":0.453,"y":1},"o":{"x":0.525,"y":0},"t":270,"s":[{"i":[[20.395,0.603],[0,0],[0,0],[0,0],[0,0],[0,0],[0,0]],"o":[[0,0],[0,0],[0,0],[0,0],[0,0],[0,0],[-4.594,-21.172]],"v":[[18.422,-81.289],[18.422,-81.289],[-56.305,-34.663],[8.992,-35.113],[51.224,85.455],[85.935,76.94],[53.411,-46.015]],"c":true}]},{"t":360,"s":[{"i":[[23.387,0],[0,0],[0,0],[0,0],[0,0],[0,0],[0,0]],"o":[[0,0],[0,0],[0,0],[0,0],[0,0],[0,0],[2.894,-23.163]],"v":[[18.423,-81.289],[18.423,-81.289],[-56.305,-34.663],[8.992,-35.113],[7.474,81.289],[41.685,81.289],[53.411,-46.015]],"c":true}]}],"ix":2},"nm":"Path 1","mn":"ADBE Vector Shape - Group","hd":false},{"ty":"fl","c":{"a":0,"k":[0.093999997307,0.093999997307,0.109999997008,1],"ix":4},"o":{"a":0,"k":100,"ix":5},"r":1,"bm":0,"nm":"Fill 1","mn":"ADBE Vector Graphic - Fill","hd":false},{"ty":"tr","p":{"a":0,"k":[295.183,393.686],"ix":2},"a":{"a":0,"k":[0,0],"ix":1},"s":{"a":0,"k":[100,100],"ix":3},"r":{"a":0,"k":0,"ix":6},"o":{"a":0,"k":100,"ix":7},"sk":{"a":0,"k":0,"ix":4},"sa":{"a":0,"k":0,"ix":5},"nm":"Transform"}],"nm":"Group 1","np":2,"cix":2,"bm":0,"ix":1,"mn":"ADBE Vector Group","hd":false},{"ty":"gr","it":[{"ind":0,"ty":"sh","ix":1,"ks":{"a":1,"k":[{"i":{"x":0.455,"y":1},"o":{"x":0.526,"y":0},"t":0,"s":[{"i":[[0,0],[0,0],[0,0],[0,0],[0,0],[-1.292,18.592],[0,0],[0,0],[-11.969,-21.304],[0,0],[0,0]],"o":[[0,0],[0,0],[0,0],[0,0],[-18.627,0],[0,0],[0,0],[18.46,-4.174],[0,0],[0,0],[0,0]],"v":[[45.664,21.382],[38.277,101.552],[4.068,101.552],[5.586,-14.85],[-59.711,-14.4],[-95.064,-48.99],[-93.033,-67.919],[6.685,-97.379],[43.514,-74.734],[96.357,33.584],[67.327,52.983]],"c":true}]},{"i":{"x":0.469,"y":1},"o":{"x":0.541,"y":0},"t":90,"s":[{"i":[[0,0],[0,0],[0,0],[0,0],[0,0],[-1.292,18.592],[0,0],[0,0],[-11.969,-21.304],[0,0],[0,0]],"o":[[0,0],[0,0],[0,0],[0,0],[-18.627,0],[0,0],[0,0],[18.46,-4.174],[0,0],[0,0],[0,0]],"v":[[45.664,21.382],[82.527,97.203],[47.817,105.718],[5.586,-14.85],[-59.711,-14.4],[-95.064,-48.989],[-93.033,-67.919],[6.685,-97.379],[43.514,-74.734],[96.357,33.584],[67.327,52.983]],"c":true}]},{"i":{"x":0.455,"y":1},"o":{"x":0.526,"y":0},"t":180,"s":[{"i":[[0,0],[0,0],[0,0],[0,0],[0,0],[-1.292,18.592],[0,0],[0,0],[-11.969,-21.304],[0,0],[0,0]],"o":[[0,0],[0,0],[0,0],[0,0],[-18.627,0],[0,0],[0,0],[18.46,-4.174],[0,0],[0,0],[0,0]],"v":[[45.664,21.382],[38.277,101.552],[4.068,101.552],[5.586,-14.85],[-59.711,-14.4],[-95.064,-48.99],[-93.033,-67.919],[6.685,-97.379],[43.514,-74.734],[96.357,33.584],[67.327,52.983]],"c":true}]},{"i":{"x":0.453,"y":1},"o":{"x":0.525,"y":0},"t":270,"s":[{"i":[[0,0],[0,0],[0,0],[0,0],[0,0],[-1.292,18.592],[0,0],[0,0],[-11.969,-21.304],[0,0],[0,0]],"o":[[0,0],[0,0],[0,0],[0,0],[-18.627,0],[0,0],[0,0],[18.46,-4.174],[0,0],[0,0],[0,0]],"v":[[45.664,21.382],[82.527,97.203],[47.817,105.718],[5.586,-14.85],[-59.711,-14.4],[-95.064,-48.99],[-93.033,-67.919],[6.685,-97.379],[43.514,-74.734],[96.357,33.584],[67.327,52.983]],"c":true}]},{"t":360,"s":[{"i":[[0,0],[0,0],[0,0],[0,0],[0,0],[-1.292,18.592],[0,0],[0,0],[-11.969,-21.304],[0,0],[0,0]],"o":[[0,0],[0,0],[0,0],[0,0],[-18.627,0],[0,0],[0,0],[18.46,-4.174],[0,0],[0,0],[0,0]],"v":[[45.664,21.382],[38.277,101.552],[4.068,101.552],[5.586,-14.85],[-59.711,-14.4],[-95.064,-48.99],[-93.033,-67.919],[6.685,-97.379],[43.514,-74.734],[96.357,33.584],[67.327,52.983]],"c":true}]}],"ix":2},"nm":"Path 1","mn":"ADBE Vector Shape - Group","hd":false},{"ty":"fl","c":{"a":0,"k":[0.184000007779,0.184000007779,0.238999998803,1],"ix":4},"o":{"a":0,"k":100,"ix":5},"r":1,"bm":0,"nm":"Fill 1","mn":"ADBE Vector Graphic - Fill","hd":false},{"ty":"tr","p":{"a":0,"k":[298.589,373.423],"ix":2},"a":{"a":0,"k":[0,0],"ix":1},"s":{"a":0,"k":[100,100],"ix":3},"r":{"a":0,"k":0,"ix":6},"o":{"a":0,"k":100,"ix":7},"sk":{"a":0,"k":0,"ix":4},"sa":{"a":0,"k":0,"ix":5},"nm":"Transform"}],"nm":"Group 2","np":2,"cix":2,"bm":0,"ix":2,"mn":"ADBE Vector Group","hd":false},{"ty":"gr","it":[{"ind":0,"ty":"sh","ix":1,"ks":{"a":0,"k":{"i":[[0,0],[0,0],[0,0],[0,0]],"o":[[0,0],[0,0],[0,0],[0,0]],"v":[[-10.598,-5.394],[4.49,-8.544],[10.599,0.918],[-1.91,8.544]],"c":true},"ix":2},"nm":"Path 1","mn":"ADBE Vector Shape - Group","hd":false},{"ty":"fl","c":{"a":0,"k":[0.944999964097,0.642999985639,0.470999983245,1],"ix":4},"o":{"a":0,"k":100,"ix":5},"r":1,"bm":0,"nm":"Fill 1","mn":"ADBE Vector Graphic - Fill","hd":false},{"ty":"tr","p":{"a":0,"k":[381.568,416.261],"ix":2},"a":{"a":0,"k":[0,0],"ix":1},"s":{"a":0,"k":[100,100],"ix":3},"r":{"a":0,"k":0,"ix":6},"o":{"a":0,"k":100,"ix":7},"sk":{"a":0,"k":0,"ix":4},"sa":{"a":0,"k":0,"ix":5},"nm":"Transform"}],"nm":"Group 3","np":2,"cix":2,"bm":0,"ix":3,"mn":"ADBE Vector Group","hd":false},{"ty":"gr","it":[{"ind":0,"ty":"sh","ix":1,"ks":{"a":1,"k":[{"i":{"x":0.455,"y":1},"o":{"x":0.526,"y":0},"t":0,"s":[{"i":[[0,0],[0,0],[0,0],[0,0]],"o":[[0,0],[0,0],[0,0],[0,0]],"v":[[-6.915,-8.447],[7.355,-2.774],[7.233,8.447],[-7.354,7.91]],"c":true}]},{"i":{"x":0.469,"y":1},"o":{"x":0.541,"y":0},"t":90,"s":[{"i":[[0,0],[0,0],[0,0],[0,0]],"o":[[0,0],[0,0],[0,0],[0,0]],"v":[[41.085,-5.898],[57.73,-4.539],[61.32,3.97],[45.396,8.458]],"c":true}]},{"i":{"x":0.455,"y":1},"o":{"x":0.526,"y":0},"t":180,"s":[{"i":[[0,0],[0,0],[0,0],[0,0]],"o":[[0,0],[0,0],[0,0],[0,0]],"v":[[-6.915,-8.447],[7.355,-2.774],[7.233,8.447],[-7.354,7.91]],"c":true}]},{"i":{"x":0.453,"y":1},"o":{"x":0.525,"y":0},"t":270,"s":[{"i":[[0,0],[0,0],[0,0],[0,0]],"o":[[0,0],[0,0],[0,0],[0,0]],"v":[[41.085,-5.898],[57.73,-4.539],[62.233,4.87],[45.396,8.458]],"c":true}]},{"t":360,"s":[{"i":[[0,0],[0,0],[0,0],[0,0]],"o":[[0,0],[0,0],[0,0],[0,0]],"v":[[-6.915,-8.447],[7.355,-2.774],[7.233,8.447],[-7.354,7.91]],"c":true}]}],"ix":2},"nm":"Path 1","mn":"ADBE Vector Shape - Group","hd":false},{"ty":"fl","c":{"a":0,"k":[0.944999964097,0.642999985639,0.470999983245,1],"ix":4},"o":{"a":0,"k":100,"ix":5},"r":1,"bm":0,"nm":"Fill 1","mn":"ADBE Vector Graphic - Fill","hd":false},{"ty":"tr","p":{"a":0,"k":[315.332,474.347],"ix":2},"a":{"a":0,"k":[0,0],"ix":1},"s":{"a":0,"k":[100,100],"ix":3},"r":{"a":0,"k":0,"ix":6},"o":{"a":0,"k":100,"ix":7},"sk":{"a":0,"k":0,"ix":4},"sa":{"a":0,"k":0,"ix":5},"nm":"Transform"}],"nm":"Group 4","np":2,"cix":2,"bm":0,"ix":4,"mn":"ADBE Vector Group","hd":false},{"ty":"gr","it":[{"ind":0,"ty":"sh","ix":1,"ks":{"a":1,"k":[{"i":{"x":0.455,"y":1},"o":{"x":0.526,"y":0},"t":0,"s":[{"i":[[0,0],[0,0],[-10.831,-11.234],[0,0],[0,0]],"o":[[0,0],[0,0],[0,0],[0,0],[0,0]],"v":[[-11.239,-13.04],[-12.788,0.477],[26.854,19.262],[-26.854,19.355],[-24.843,-19.355]],"c":true}]},{"i":{"x":0.469,"y":1},"o":{"x":0.541,"y":0},"t":90,"s":[{"i":[[0,0],[0,0],[-11.765,-6.916],[0,0],[0,0]],"o":[[0,0],[0,0],[0,0],[0,0],[0,0]],"v":[[32.761,-15.492],[42.799,-3.475],[77.854,-3.189],[32.186,17.918],[22.097,-15.117]],"c":true}]},{"i":{"x":0.455,"y":1},"o":{"x":0.526,"y":0},"t":180,"s":[{"i":[[0,0],[0,0],[-10.831,-11.234],[0,0],[0,0]],"o":[[0,0],[0,0],[0,0],[0,0],[0,0]],"v":[[-11.239,-13.04],[-12.788,0.477],[26.854,19.262],[-26.854,19.355],[-24.843,-19.355]],"c":true}]},{"i":{"x":0.453,"y":1},"o":{"x":0.541,"y":0},"t":270,"s":[{"i":[[0,0],[0,0],[-11.765,-6.916],[0,0],[0,0]],"o":[[0,0],[0,0],[0,0],[0,0],[0,0]],"v":[[34.761,-15.742],[42.799,-3.475],[77.854,-3.189],[32.186,17.918],[22.097,-15.117]],"c":true}]},{"t":360,"s":[{"i":[[0,0],[0,0],[-10.831,-11.234],[0,0],[0,0]],"o":[[0,0],[0,0],[0,0],[0,0],[0,0]],"v":[[-11.239,-13.04],[-12.788,0.477],[26.854,19.262],[-26.854,19.355],[-24.843,-19.355]],"c":true}]}],"ix":2},"nm":"Path 1","mn":"ADBE Vector Shape - Group","hd":false},{"ty":"fl","c":{"a":0,"k":[0,0,0,1],"ix":4},"o":{"a":0,"k":100,"ix":5},"r":1,"bm":0,"nm":"Fill 1","mn":"ADBE Vector Graphic - Fill","hd":false},{"ty":"tr","p":{"a":0,"k":[333.911,481.855],"ix":2},"a":{"a":0,"k":[0,0],"ix":1},"s":{"a":0,"k":[100,100],"ix":3},"r":{"a":0,"k":0,"ix":6},"o":{"a":0,"k":100,"ix":7},"sk":{"a":0,"k":0,"ix":4},"sa":{"a":0,"k":0,"ix":5},"nm":"Transform"}],"nm":"Group 5","np":2,"cix":2,"bm":0,"ix":5,"mn":"ADBE Vector Group","hd":false},{"ty":"gr","it":[{"ind":0,"ty":"sh","ix":1,"ks":{"a":0,"k":{"i":[[0,0],[-0.041,-1.353],[0,0],[0,0],[0,0],[-0.087,-1.282],[3.18,-0.416],[3.478,0.949],[0.272,0.072],[4.606,2.509],[1.256,1.118],[0,0],[0,0],[-3.586,0.661],[-2.324,0.252],[0,0],[-0.221,-1.8],[0,0],[-0.123,-1.826]],"o":[[0,0],[0,0.385],[0,0],[0,0],[0,0],[0.031,0.508],[-4.945,0.651],[-0.293,-0.082],[-3.58,-0.938],[-2.042,-1.112],[0,0],[0,0],[0,0],[8.771,-0.36],[0,0],[1.529,0.22],[0.057,0.446],[0,0],[0.052,0.718]],"v":[[16.878,4.268],[19.073,6.171],[5.947,9.039],[8.804,9.208],[11.774,9.065],[13.405,10.634],[7.522,12.101],[-4.455,11.229],[-5.302,11.003],[-15.083,7.381],[-21.392,2.945],[-18.074,-9.335],[-13.498,-10.899],[-7.789,-12.392],[9.918,-9.518],[14.744,-2.379],[19.704,-0.061],[19.202,0.868],[21.34,2.832]],"c":true},"ix":2},"nm":"Path 1","mn":"ADBE Vector Shape - Group","hd":false},{"ty":"fl","c":{"a":0,"k":[0.944999964097,0.642999985639,0.470999983245,1],"ix":4},"o":{"a":0,"k":100,"ix":5},"r":1,"bm":0,"nm":"Fill 1","mn":"ADBE Vector Graphic - Fill","hd":false},{"ty":"tr","p":{"a":0,"k":[242.083,301.667],"ix":2},"a":{"a":0,"k":[0,0],"ix":1},"s":{"a":0,"k":[100,100],"ix":3},"r":{"a":0,"k":0,"ix":6},"o":{"a":0,"k":100,"ix":7},"sk":{"a":0,"k":0,"ix":4},"sa":{"a":0,"k":0,"ix":5},"nm":"Transform"}],"nm":"Group 6","np":2,"cix":2,"bm":0,"ix":6,"mn":"ADBE Vector Group","hd":false},{"ty":"gr","it":[{"ind":0,"ty":"sh","ix":1,"ks":{"a":0,"k":{"i":[[0,0],[0,0],[0,0],[0,0],[0,0],[0,0]],"o":[[0,0],[0,0],[0,0],[0,0],[0,0],[0,0]],"v":[[-7.119,-18.612],[-15.706,7.101],[14.641,18.612],[15.706,15.807],[-11.947,5.318],[-4.275,-17.662]],"c":true},"ix":2},"nm":"Path 1","mn":"ADBE Vector Shape - Group","hd":false},{"ty":"fl","c":{"a":0,"k":[0.8,0.8,0.8,1],"ix":4},"o":{"a":0,"k":100,"ix":5},"r":1,"bm":0,"nm":"Fill 1","mn":"ADBE Vector Graphic - Fill","hd":false},{"ty":"tr","p":{"a":0,"k":[209.774,272.29],"ix":2},"a":{"a":0,"k":[0,0],"ix":1},"s":{"a":0,"k":[100,100],"ix":3},"r":{"a":0,"k":0,"ix":6},"o":{"a":0,"k":100,"ix":7},"sk":{"a":0,"k":0,"ix":4},"sa":{"a":0,"k":0,"ix":5},"nm":"Transform"}],"nm":"Group 7","np":2,"cix":2,"bm":0,"ix":7,"mn":"ADBE Vector Group","hd":false},{"ty":"gr","it":[{"ind":0,"ty":"sh","ix":1,"ks":{"a":0,"k":{"i":[[2.538,7.246],[0,0],[0,-4.652],[2.101,-5.885],[0.725,-9.238],[0,0],[-2.094,5.87],[0.002,7.191]],"o":[[0,0],[2.454,7.01],[-0.001,6.611],[-2.095,5.869],[0,0],[0.7,-8.85],[2.088,-5.856],[0.001,-5.049]],"v":[[2.516,-28.821],[-0.316,-27.83],[3.041,-10.723],[-0.882,6.879],[-6.044,28.584],[-3.053,28.821],[1.944,7.887],[6.041,-10.723]],"c":true},"ix":2},"nm":"Path 1","mn":"ADBE Vector Shape - Group","hd":false},{"ty":"fl","c":{"a":0,"k":[0.8,0.8,0.8,1],"ix":4},"o":{"a":0,"k":100,"ix":5},"r":1,"bm":0,"nm":"Fill 1","mn":"ADBE Vector Graphic - Fill","hd":false},{"ty":"tr","p":{"a":0,"k":[260.869,277.631],"ix":2},"a":{"a":0,"k":[0,0],"ix":1},"s":{"a":0,"k":[100,100],"ix":3},"r":{"a":0,"k":0,"ix":6},"o":{"a":0,"k":100,"ix":7},"sk":{"a":0,"k":0,"ix":4},"sa":{"a":0,"k":0,"ix":5},"nm":"Transform"}],"nm":"Group 8","np":2,"cix":2,"bm":0,"ix":8,"mn":"ADBE Vector Group","hd":false},{"ty":"gr","it":[{"ind":0,"ty":"sh","ix":1,"ks":{"a":0,"k":{"i":[[0,0],[0,0],[0,0],[0,0],[0,0],[1.428,0.102],[1.715,9.719],[-2.783,3.96],[0,0],[-3.708,2.334],[-6.426,-0.018],[0,0],[0,0],[0,0],[-4.902,-4.5]],"o":[[0,0],[0,0],[0,0],[0,0],[-1.326,-0.078],[-18.053,-1.259],[-3.114,-17.603],[0.175,-0.246],[3.948,-5.64],[7.211,-4.542],[0,0],[0,0],[0,0],[7.698,0.738],[15.737,14.448]],"v":[[36.117,48.812],[36.117,48.812],[2.537,48.314],[-11.796,48.104],[-2.826,50.104],[-15.96,47.84],[-51.741,35.351],[-37.517,-22.374],[-37.253,-22.752],[-25.625,-35.111],[-5.226,-40.631],[-3.505,-50.104],[22.708,-46.487],[21.28,-39.119],[39.117,-32.376]],"c":true},"ix":2},"nm":"Path 1","mn":"ADBE Vector Shape - Group","hd":false},{"ty":"fl","c":{"a":0,"k":[0.957000014361,0.913999968884,0.870999983245,1],"ix":4},"o":{"a":0,"k":100,"ix":5},"r":1,"bm":0,"nm":"Fill 1","mn":"ADBE Vector Graphic - Fill","hd":false},{"ty":"tr","p":{"a":0,"k":[220.686,257.661],"ix":2},"a":{"a":0,"k":[0,0],"ix":1},"s":{"a":0,"k":[100,100],"ix":3},"r":{"a":0,"k":0,"ix":6},"o":{"a":0,"k":100,"ix":7},"sk":{"a":0,"k":0,"ix":4},"sa":{"a":0,"k":0,"ix":5},"nm":"Transform"}],"nm":"Group 9","np":2,"cix":2,"bm":0,"ix":9,"mn":"ADBE Vector Group","hd":false},{"ty":"gr","it":[{"ind":0,"ty":"sh","ix":1,"ks":{"a":0,"k":{"i":[[2.467,3.475],[-7.06,4.12],[-9.584,-3.794],[-14.527,-19.045],[0,0],[0,0],[1.325,1.518],[0.802,0.92]],"o":[[-3.674,-5.175],[2.976,-1.737],[9.807,3.882],[0,0],[0,0],[0,0],[-0.602,-0.69],[-7.994,-9.178]],"v":[[-36.578,-16.913],[-38.857,-37.417],[-21.445,-38.805],[17.65,2.994],[30.892,-9.938],[45.917,2.305],[14.284,41.08],[-9.359,15.057]],"c":true},"ix":2},"nm":"Path 1","mn":"ADBE Vector Shape - Group","hd":false},{"ty":"fl","c":{"a":0,"k":[0.957000014361,0.913999968884,0.870999983245,1],"ix":4},"o":{"a":0,"k":100,"ix":5},"r":1,"bm":0,"nm":"Fill 1","mn":"ADBE Vector Graphic - Fill","hd":false},{"ty":"tr","p":{"a":0,"k":[276.27,260.567],"ix":2},"a":{"a":0,"k":[0,0],"ix":1},"s":{"a":0,"k":[100,100],"ix":3},"r":{"a":0,"k":0,"ix":6},"o":{"a":0,"k":100,"ix":7},"sk":{"a":0,"k":0,"ix":4},"sa":{"a":0,"k":0,"ix":5},"nm":"Transform"}],"nm":"Group 10","np":2,"cix":2,"bm":0,"ix":10,"mn":"ADBE Vector Group","hd":false},{"ty":"gr","it":[{"ind":0,"ty":"sh","ix":1,"ks":{"a":0,"k":{"i":[[0,0],[3.989,-8.347],[11.294,2.553],[-6.029,5.473],[0,0],[0,0]],"o":[[4.812,-4.49],[-7.673,12.386],[-11.134,-2.807],[1.936,-1.759],[0,0],[0,0]],"v":[[11.538,-23.4],[23.276,-15.449],[-16.131,25.337],[-16.631,4.693],[-10.336,-1.413],[11.548,-23.393]],"c":true},"ix":2},"nm":"Path 1","mn":"ADBE Vector Shape - Group","hd":false},{"ty":"fl","c":{"a":0,"k":[0.944999964097,0.642999985639,0.470999983245,1],"ix":4},"o":{"a":0,"k":100,"ix":5},"r":1,"bm":0,"nm":"Fill 1","mn":"ADBE Vector Graphic - Fill","hd":false},{"ty":"tr","p":{"a":0,"k":[302.3,269.764],"ix":2},"a":{"a":0,"k":[0,0],"ix":1},"s":{"a":0,"k":[100,100],"ix":3},"r":{"a":0,"k":0,"ix":6},"o":{"a":0,"k":100,"ix":7},"sk":{"a":0,"k":0,"ix":4},"sa":{"a":0,"k":0,"ix":5},"nm":"Transform"}],"nm":"Group 11","np":2,"cix":2,"bm":0,"ix":11,"mn":"ADBE Vector Group","hd":false}],"ip":0,"op":540,"st":0,"bm":0},{"ddd":0,"ind":6,"ty":4,"nm":"head Outlines","parent":5,"sr":1,"ks":{"o":{"a":0,"k":100,"ix":11},"r":{"a":1,"k":[{"i":{"x":[0.477],"y":[1]},"o":{"x":[0.519],"y":[0]},"t":0,"s":[-5]},{"i":{"x":[0.474],"y":[1]},"o":{"x":[0.476],"y":[0]},"t":90,"s":[1]},{"i":{"x":[0.495],"y":[1]},"o":{"x":[0.488],"y":[0]},"t":180,"s":[-5]},{"i":{"x":[0.451],"y":[1]},"o":{"x":[0.493],"y":[0]},"t":270,"s":[1]},{"t":360,"s":[-5]}],"ix":10},"p":{"a":0,"k":[230.25,210.25,0],"ix":2},"a":{"a":0,"k":[230.25,210.25,0],"ix":1},"s":{"a":0,"k":[100,100,100],"ix":6}},"ao":0,"shapes":[{"ty":"gr","it":[{"ind":0,"ty":"sh","ix":1,"ks":{"a":0,"k":{"i":[[-2.594,-0.026],[-0.512,0.156],[0,0],[3.183,3.383],[0,0]],"o":[[0.534,-0.002],[0,0],[-0.124,0.041],[0,0],[1.664,1.991]],"v":[[2.566,2.249],[4.143,2.01],[3.518,0.184],[-2.739,-2.249],[-4.143,-0.929]],"c":true},"ix":2},"nm":"Path 1","mn":"ADBE Vector Shape - Group","hd":false},{"ty":"fl","c":{"a":0,"k":[0.141000007181,0.141000007181,0.169000004787,1],"ix":4},"o":{"a":0,"k":100,"ix":5},"r":1,"bm":0,"nm":"Fill 1","mn":"ADBE Vector Graphic - Fill","hd":false},{"ty":"tr","p":{"a":0,"k":[250.898,193.682],"ix":2},"a":{"a":0,"k":[0,0],"ix":1},"s":{"a":0,"k":[100,100],"ix":3},"r":{"a":0,"k":0,"ix":6},"o":{"a":0,"k":100,"ix":7},"sk":{"a":0,"k":0,"ix":4},"sa":{"a":0,"k":0,"ix":5},"nm":"Transform"}],"nm":"Group 1","np":2,"cix":2,"bm":0,"ix":1,"mn":"ADBE Vector Group","hd":false},{"ty":"gr","it":[{"ind":0,"ty":"sh","ix":1,"ks":{"a":0,"k":{"i":[[0,0],[1.446,0.15],[-0.192,2.248],[-1.445,-0.15],[0.19,-2.247]],"o":[[-0.197,2.239],[-1.446,-0.149],[0.191,-2.247],[1.446,0.15],[0,0]],"v":[[2.626,0.259],[-0.355,4.063],[-2.624,-0.259],[0.355,-4.063],[2.626,0.259]],"c":false},"ix":2},"nm":"Path 1","mn":"ADBE Vector Shape - Group","hd":false},{"ty":"fl","c":{"a":0,"k":[0.113999998803,0.113999998803,0.136999990426,1],"ix":4},"o":{"a":0,"k":100,"ix":5},"r":1,"bm":0,"nm":"Fill 1","mn":"ADBE Vector Graphic - Fill","hd":false},{"ty":"tr","p":{"a":0,"k":[263.264,178.017],"ix":2},"a":{"a":0,"k":[0,0],"ix":1},"s":{"a":1,"k":[{"i":{"x":[0.402,0.631],"y":[1,1]},"o":{"x":[0.387,0.469],"y":[0,0]},"t":0,"s":[100,100]},{"i":{"x":[0.691,0.487],"y":[1,1]},"o":{"x":[0.223,0.386],"y":[0,0]},"t":6,"s":[100,0]},{"i":{"x":[0.667,0.667],"y":[1,1]},"o":{"x":[0.167,0.167],"y":[0,0]},"t":12,"s":[100,100]},{"i":{"x":[0.402,0.631],"y":[1,1]},"o":{"x":[0.387,0.469],"y":[0,0]},"t":130,"s":[100,100]},{"i":{"x":[0.691,0.487],"y":[1,1]},"o":{"x":[0.223,0.386],"y":[0,0]},"t":136,"s":[100,0]},{"i":{"x":[0.667,0.667],"y":[1,1]},"o":{"x":[0.167,0.167],"y":[0,0]},"t":142,"s":[100,100]},{"i":{"x":[0.402,0.631],"y":[1,1]},"o":{"x":[0.387,0.469],"y":[0,0]},"t":392,"s":[100,100]},{"i":{"x":[0.691,0.487],"y":[1,1]},"o":{"x":[0.223,0.386],"y":[0,0]},"t":398,"s":[100,0]},{"t":404,"s":[100,100]}],"ix":3},"r":{"a":0,"k":0,"ix":6},"o":{"a":0,"k":100,"ix":7},"sk":{"a":0,"k":0,"ix":4},"sa":{"a":0,"k":0,"ix":5},"nm":"Transform"}],"nm":"Group 2","np":2,"cix":2,"bm":0,"ix":2,"mn":"ADBE Vector Group","hd":false},{"ty":"gr","it":[{"ind":0,"ty":"sh","ix":1,"ks":{"a":0,"k":{"i":[[0,0],[1.546,0.147],[-0.198,2.305],[-1.544,-0.155],[0.198,-2.302]],"o":[[-0.207,2.295],[-1.546,-0.147],[0.199,-2.304],[1.544,0.153],[0,0]],"v":[[2.808,0.275],[-0.372,4.17],[-2.807,-0.266],[0.372,-4.162],[2.807,0.273]],"c":false},"ix":2},"nm":"Path 1","mn":"ADBE Vector Shape - Group","hd":false},{"ty":"fl","c":{"a":0,"k":[0.113999998803,0.113999998803,0.136999990426,1],"ix":4},"o":{"a":0,"k":100,"ix":5},"r":1,"bm":0,"nm":"Fill 1","mn":"ADBE Vector Graphic - Fill","hd":false},{"ty":"tr","p":{"a":0,"k":[249.259,176.583],"ix":2},"a":{"a":0,"k":[0,0],"ix":1},"s":{"a":1,"k":[{"i":{"x":[0.402,0.631],"y":[1,1]},"o":{"x":[0.387,0.469],"y":[0,0]},"t":0,"s":[100,100]},{"i":{"x":[0.691,0.487],"y":[1,1]},"o":{"x":[0.223,0.386],"y":[0,0]},"t":6,"s":[100,0]},{"i":{"x":[0.667,0.667],"y":[1,1]},"o":{"x":[0.167,0.167],"y":[0,0]},"t":12,"s":[100,100]},{"i":{"x":[0.402,0.631],"y":[1,1]},"o":{"x":[0.387,0.469],"y":[0,0]},"t":130,"s":[100,100]},{"i":{"x":[0.691,0.487],"y":[1,1]},"o":{"x":[0.223,0.386],"y":[0,0]},"t":136,"s":[100,0]},{"i":{"x":[0.667,0.667],"y":[1,1]},"o":{"x":[0.167,0.167],"y":[0,0]},"t":142,"s":[100,100]},{"i":{"x":[0.402,0.631],"y":[1,1]},"o":{"x":[0.387,0.469],"y":[0,0]},"t":392,"s":[100,100]},{"i":{"x":[0.691,0.487],"y":[1,1]},"o":{"x":[0.223,0.386],"y":[0,0]},"t":398,"s":[100,0]},{"t":404,"s":[100,100]}],"ix":3},"r":{"a":0,"k":0,"ix":6},"o":{"a":0,"k":100,"ix":7},"sk":{"a":0,"k":0,"ix":4},"sa":{"a":0,"k":0,"ix":5},"nm":"Transform"}],"nm":"Group 3","np":2,"cix":2,"bm":0,"ix":3,"mn":"ADBE Vector Group","hd":false},{"ty":"gr","it":[{"ind":0,"ty":"sh","ix":1,"ks":{"a":0,"k":{"i":[[0,0],[0,0],[0,0]],"o":[[0,0],[0,0],[0,0]],"v":[[-2.259,-5.724],[2.763,5.714],[-2.763,5.724]],"c":true},"ix":2},"nm":"Path 1","mn":"ADBE Vector Shape - Group","hd":false},{"ty":"fl","c":{"a":0,"k":[0.113999998803,0.113999998803,0.136999990426,1],"ix":4},"o":{"a":0,"k":100,"ix":5},"r":1,"bm":0,"nm":"Fill 1","mn":"ADBE Vector Graphic - Fill","hd":false},{"ty":"tr","p":{"a":0,"k":[258.726,183.499],"ix":2},"a":{"a":0,"k":[0,0],"ix":1},"s":{"a":0,"k":[100,100],"ix":3},"r":{"a":0,"k":0,"ix":6},"o":{"a":0,"k":100,"ix":7},"sk":{"a":0,"k":0,"ix":4},"sa":{"a":0,"k":0,"ix":5},"nm":"Transform"}],"nm":"Group 4","np":2,"cix":2,"bm":0,"ix":4,"mn":"ADBE Vector Group","hd":false},{"ty":"gr","it":[{"ind":0,"ty":"sh","ix":1,"ks":{"a":0,"k":{"i":[[-4.307,9.352],[-14.178,-4.093],[8.844,-6.169],[4.911,0.581],[9.821,1],[0,0],[2.708,4.116],[0.182,7.77],[-3.324,0.224],[-0.187,-0.005],[0,0]],"o":[[8.256,6.79],[-0.693,9.553],[-4.178,2.913],[0,0],[-11.298,-1.151],[0,0],[-3.633,-5.543],[-0.223,-3.323],[0.186,-0.013],[6.668,-0.158],[6.184,2.25]],"v":[[-2.949,-31.982],[31.62,-14.885],[17.865,20.171],[3.25,20.638],[-8.571,30.982],[-17.1,18.405],[-18.15,5.107],[-31.396,-9.809],[-25.783,-16.23],[-25.224,-16.242],[-19.33,-8.392]],"c":true},"ix":2},"nm":"Path 1","mn":"ADBE Vector Shape - Group","hd":false},{"ty":"fl","c":{"a":0,"k":[0.944999964097,0.642999985639,0.470999983245,1],"ix":4},"o":{"a":0,"k":100,"ix":5},"r":1,"bm":0,"nm":"Fill 1","mn":"ADBE Vector Graphic - Fill","hd":false},{"ty":"tr","p":{"a":0,"k":[238.039,187.018],"ix":2},"a":{"a":0,"k":[0,0],"ix":1},"s":{"a":0,"k":[100,100],"ix":3},"r":{"a":0,"k":0,"ix":6},"o":{"a":0,"k":100,"ix":7},"sk":{"a":0,"k":0,"ix":4},"sa":{"a":0,"k":0,"ix":5},"nm":"Transform"}],"nm":"Group 5","np":2,"cix":2,"bm":0,"ix":5,"mn":"ADBE Vector Group","hd":false},{"ty":"gr","it":[{"ind":0,"ty":"sh","ix":1,"ks":{"a":1,"k":[{"i":{"x":0.509,"y":1},"o":{"x":0.488,"y":0},"t":0,"s":[{"i":[[20.924,-8.021],[5.892,-2.213],[-3.051,38.155],[-38.258,0.884],[-2.067,-17.312]],"o":[[-9.737,6.793],[-35.825,13.456],[3.501,-43.789],[26.268,-0.606],[2.458,20.578]],"v":[[-3.749,5.824],[-8.008,20.893],[-47.137,27.726],[-1.455,-65.244],[41.375,-34.186]],"c":true}]},{"i":{"x":0.514,"y":1},"o":{"x":0.484,"y":0},"t":75,"s":[{"i":[[20.924,-8.021],[5.892,-2.213],[12.339,36.233],[-38.258,0.884],[-2.067,-17.312]],"o":[[-9.737,6.793],[-35.825,13.456],[-15.493,-45.493],[26.268,-0.606],[2.458,20.578]],"v":[[-3.749,5.824],[-8.008,20.893],[-30.634,26.781],[-1.455,-65.244],[41.375,-34.186]],"c":true}]},{"i":{"x":0.511,"y":1},"o":{"x":0.56,"y":0},"t":154,"s":[{"i":[[20.924,-8.021],[5.892,-2.213],[-3.051,38.155],[-38.258,0.884],[-2.067,-17.312]],"o":[[-9.737,6.793],[-35.825,13.456],[3.501,-43.789],[26.268,-0.606],[2.458,20.578]],"v":[[-3.749,5.824],[-8.008,20.893],[-47.137,27.726],[-1.455,-65.244],[41.375,-34.186]],"c":true}]},{"i":{"x":0.514,"y":1},"o":{"x":0.512,"y":0},"t":238,"s":[{"i":[[20.924,-8.021],[5.892,-2.213],[11.676,36.452],[-38.258,0.884],[-2.067,-17.312]],"o":[[-9.737,6.793],[-35.825,13.456],[-14.496,-45.259],[26.268,-0.606],[2.458,20.578]],"v":[[-3.749,5.824],[-8.008,20.893],[-33.126,27.229],[-1.455,-65.244],[41.375,-34.186]],"c":true}]},{"t":336,"s":[{"i":[[20.924,-8.021],[5.892,-2.213],[-3.051,38.155],[-38.258,0.884],[-2.067,-17.312]],"o":[[-9.737,6.793],[-35.825,13.456],[3.501,-43.789],[26.268,-0.606],[2.458,20.578]],"v":[[-3.749,5.824],[-8.008,20.893],[-47.137,27.726],[-1.455,-65.244],[41.375,-34.186]],"c":true}]}],"ix":2},"nm":"Path 1","mn":"ADBE Vector Shape - Group","hd":false},{"ty":"fl","c":{"a":0,"k":[0.097999999102,0.078000005086,0.118000000598,1],"ix":4},"o":{"a":0,"k":100,"ix":5},"r":1,"bm":0,"nm":"Fill 1","mn":"ADBE Vector Graphic - Fill","hd":false},{"ty":"tr","p":{"a":0,"k":[235.391,197.252],"ix":2},"a":{"a":0,"k":[0,0],"ix":1},"s":{"a":0,"k":[100,100],"ix":3},"r":{"a":0,"k":0,"ix":6},"o":{"a":0,"k":100,"ix":7},"sk":{"a":0,"k":0,"ix":4},"sa":{"a":0,"k":0,"ix":5},"nm":"Transform"}],"nm":"Group 6","np":2,"cix":2,"bm":0,"ix":6,"mn":"ADBE Vector Group","hd":false}],"ip":0,"op":540,"st":0,"bm":0},{"ddd":0,"ind":7,"ty":4,"nm":"zndly Outlines","parent":2,"sr":1,"ks":{"o":{"a":0,"k":100,"ix":11},"r":{"a":0,"k":0,"ix":10},"p":{"a":1,"k":[{"i":{"x":0.414,"y":1},"o":{"x":0.53,"y":0},"t":0,"s":[3.106,60.33,0],"to":[-9.333,0,0],"ti":[0,0,0]},{"i":{"x":0.444,"y":1},"o":{"x":0.565,"y":0},"t":90,"s":[-52.894,60.33,0],"to":[0,0,0],"ti":[0,0,0]},{"i":{"x":0.411,"y":1},"o":{"x":0.523,"y":0},"t":180,"s":[3.106,60.33,0],"to":[0,0,0],"ti":[0,0,0]},{"i":{"x":0.414,"y":1},"o":{"x":0.544,"y":0},"t":270,"s":[-52.894,60.33,0],"to":[0,0,0],"ti":[-9.333,0,0]},{"t":360,"s":[3.106,60.33,0]}],"ix":2},"a":{"a":0,"k":[241.106,360.33,0],"ix":1},"s":{"a":0,"k":[100,100,100],"ix":6}},"ao":0,"shapes":[{"ty":"gr","it":[{"ind":0,"ty":"sh","ix":1,"ks":{"a":0,"k":{"i":[[0,-5.312],[5.314,0],[0,5.312],[-5.313,0]],"o":[[0,5.312],[-5.313,0],[0,-5.312],[5.314,0]],"v":[[9.621,0],[0,9.62],[-9.621,0],[0,-9.62]],"c":true},"ix":2},"nm":"Path 1","mn":"ADBE Vector Shape - Group","hd":false},{"ty":"fl","c":{"a":0,"k":[0.713999968884,0.830999995213,1,1],"ix":4},"o":{"a":0,"k":100,"ix":5},"r":1,"bm":0,"nm":"Fill 1","mn":"ADBE Vector Graphic - Fill","hd":false},{"ty":"tr","p":{"a":0,"k":[289.734,491.485],"ix":2},"a":{"a":0,"k":[0,0],"ix":1},"s":{"a":0,"k":[100,100],"ix":3},"r":{"a":0,"k":0,"ix":6},"o":{"a":0,"k":100,"ix":7},"sk":{"a":0,"k":0,"ix":4},"sa":{"a":0,"k":0,"ix":5},"nm":"Transform"}],"nm":"Group 1","np":2,"cix":2,"bm":0,"ix":1,"mn":"ADBE Vector Group","hd":false},{"ty":"gr","it":[{"ind":0,"ty":"sh","ix":1,"ks":{"a":0,"k":{"i":[[0,-5.312],[5.312,0],[0,5.312],[-5.314,0]],"o":[[0,5.312],[-5.314,0],[0,-5.312],[5.312,0]],"v":[[9.62,0],[0,9.62],[-9.621,0],[0,-9.62]],"c":true},"ix":2},"nm":"Path 1","mn":"ADBE Vector Shape - Group","hd":false},{"ty":"fl","c":{"a":0,"k":[0.713999968884,0.830999995213,1,1],"ix":4},"o":{"a":0,"k":100,"ix":5},"r":1,"bm":0,"nm":"Fill 1","mn":"ADBE Vector Graphic - Fill","hd":false},{"ty":"tr","p":{"a":0,"k":[222.254,491.485],"ix":2},"a":{"a":0,"k":[0,0],"ix":1},"s":{"a":0,"k":[100,100],"ix":3},"r":{"a":0,"k":0,"ix":6},"o":{"a":0,"k":100,"ix":7},"sk":{"a":0,"k":0,"ix":4},"sa":{"a":0,"k":0,"ix":5},"nm":"Transform"}],"nm":"Group 2","np":2,"cix":2,"bm":0,"ix":2,"mn":"ADBE Vector Group","hd":false},{"ty":"gr","it":[{"ind":0,"ty":"sh","ix":1,"ks":{"a":0,"k":{"i":[[3.641,0],[0,0],[0,3.641],[-3.643,0],[0,0],[0,-3.642]],"o":[[0,0],[-3.643,0],[0,-3.642],[0,0],[3.641,0],[0,3.641]],"v":[[6.169,6.621],[-6.167,6.621],[-12.789,0.001],[-6.167,-6.62],[6.169,-6.62],[12.79,0.001]],"c":true},"ix":2},"nm":"Path 1","mn":"ADBE Vector Shape - Group","hd":false},{"ty":"fl","c":{"a":0,"k":[0.713999968884,0.830999995213,1,1],"ix":4},"o":{"a":0,"k":100,"ix":5},"r":1,"bm":0,"nm":"Fill 1","mn":"ADBE Vector Graphic - Fill","hd":false},{"ty":"tr","p":{"a":0,"k":[233.798,486.794],"ix":2},"a":{"a":0,"k":[0,0],"ix":1},"s":{"a":0,"k":[100,100],"ix":3},"r":{"a":0,"k":0,"ix":6},"o":{"a":0,"k":100,"ix":7},"sk":{"a":0,"k":0,"ix":4},"sa":{"a":0,"k":0,"ix":5},"nm":"Transform"}],"nm":"Group 3","np":2,"cix":2,"bm":0,"ix":3,"mn":"ADBE Vector Group","hd":false},{"ty":"gr","it":[{"ind":0,"ty":"sh","ix":1,"ks":{"a":0,"k":{"i":[[0,0],[0,0],[0,0]],"o":[[0,0],[0,0],[0,0]],"v":[[33.431,-7.613],[0,7.612],[-33.43,-7.613]],"c":true},"ix":2},"nm":"Path 1","mn":"ADBE Vector Shape - Group","hd":false},{"ty":"fl","c":{"a":0,"k":[0.8,0.889999988032,1,1],"ix":4},"o":{"a":0,"k":100,"ix":5},"r":1,"bm":0,"nm":"Fill 1","mn":"ADBE Vector Graphic - Fill","hd":false},{"ty":"tr","p":{"a":0,"k":[239.228,381.36],"ix":2},"a":{"a":0,"k":[0,0],"ix":1},"s":{"a":0,"k":[100,100],"ix":3},"r":{"a":0,"k":0,"ix":6},"o":{"a":0,"k":100,"ix":7},"sk":{"a":0,"k":0,"ix":4},"sa":{"a":0,"k":0,"ix":5},"nm":"Transform"}],"nm":"Group 4","np":2,"cix":2,"bm":0,"ix":4,"mn":"ADBE Vector Group","hd":false},{"ty":"gr","it":[{"ind":0,"ty":"sh","ix":1,"ks":{"a":0,"k":{"i":[[0,0],[0,0],[0,0],[0,0]],"o":[[0,0],[0,0],[0,0],[0,0]],"v":[[-4.879,58.259],[4.878,58.259],[4.878,-58.259],[-4.879,-58.259]],"c":true},"ix":2},"nm":"Path 1","mn":"ADBE Vector Shape - Group","hd":false},{"ty":"fl","c":{"a":0,"k":[0.8,0.889999988032,1,1],"ix":4},"o":{"a":0,"k":100,"ix":5},"r":1,"bm":0,"nm":"Fill 1","mn":"ADBE Vector Graphic - Fill","hd":false},{"ty":"tr","p":{"a":0,"k":[239.228,432.007],"ix":2},"a":{"a":0,"k":[0,0],"ix":1},"s":{"a":0,"k":[100,100],"ix":3},"r":{"a":0,"k":0,"ix":6},"o":{"a":0,"k":100,"ix":7},"sk":{"a":0,"k":0,"ix":4},"sa":{"a":0,"k":0,"ix":5},"nm":"Transform"}],"nm":"Group 5","np":2,"cix":2,"bm":0,"ix":5,"mn":"ADBE Vector Group","hd":false},{"ty":"gr","it":[{"ind":0,"ty":"sh","ix":1,"ks":{"a":0,"k":{"i":[[3.641,0],[0,0],[0,3.641],[-3.641,0],[0,0],[0,-3.642]],"o":[[0,0],[-3.641,0],[0,-3.642],[0,0],[3.641,0],[0,3.641]],"v":[[47.536,6.621],[-47.536,6.621],[-54.156,0.001],[-47.536,-6.62],[47.536,-6.62],[54.156,0.001]],"c":true},"ix":2},"nm":"Path 1","mn":"ADBE Vector Shape - Group","hd":false},{"ty":"fl","c":{"a":0,"k":[0.8,0.889999988032,1,1],"ix":4},"o":{"a":0,"k":100,"ix":5},"r":1,"bm":0,"nm":"Fill 1","mn":"ADBE Vector Graphic - Fill","hd":false},{"ty":"tr","p":{"a":0,"k":[239.228,486.794],"ix":2},"a":{"a":0,"k":[0,0],"ix":1},"s":{"a":0,"k":[100,100],"ix":3},"r":{"a":0,"k":0,"ix":6},"o":{"a":0,"k":100,"ix":7},"sk":{"a":0,"k":0,"ix":4},"sa":{"a":0,"k":0,"ix":5},"nm":"Transform"}],"nm":"Group 6","np":2,"cix":2,"bm":0,"ix":6,"mn":"ADBE Vector Group","hd":false},{"ty":"gr","it":[{"ind":0,"ty":"sh","ix":1,"ks":{"a":0,"k":{"i":[[0,-5.312],[5.313,0],[0,5.312],[-5.313,0]],"o":[[0,5.312],[-5.313,0],[0,-5.312],[5.313,0]],"v":[[9.62,0],[-0.001,9.62],[-9.62,0],[-0.001,-9.62]],"c":true},"ix":2},"nm":"Path 1","mn":"ADBE Vector Shape - Group","hd":false},{"ty":"fl","c":{"a":0,"k":[0.713999968884,0.830999995213,1,1],"ix":4},"o":{"a":0,"k":100,"ix":5},"r":1,"bm":0,"nm":"Fill 1","mn":"ADBE Vector Graphic - Fill","hd":false},{"ty":"tr","p":{"a":0,"k":[189.358,491.485],"ix":2},"a":{"a":0,"k":[0,0],"ix":1},"s":{"a":0,"k":[100,100],"ix":3},"r":{"a":0,"k":0,"ix":6},"o":{"a":0,"k":100,"ix":7},"sk":{"a":0,"k":0,"ix":4},"sa":{"a":0,"k":0,"ix":5},"nm":"Transform"}],"nm":"Group 7","np":2,"cix":2,"bm":0,"ix":7,"mn":"ADBE Vector Group","hd":false},{"ty":"gr","it":[{"ind":0,"ty":"sh","ix":1,"ks":{"a":0,"k":{"i":[[0,0],[0,0],[7.947,0],[0,0],[-2.4,18.696],[0,0],[-8.026,0],[0,0],[-1.109,-8.628],[0,0],[-0.041,-0.737],[0,0],[-21.884,0]],"o":[[0,0],[0,8.31],[0,0],[-17.39,0],[0,0],[1.102,-8.628],[0,0],[8.02,0],[0,0],[0.097,0.744],[0,0],[0,0],[0,0]],"v":[[78.95,61.259],[78.95,62.255],[64.557,77.297],[-48.178,77.297],[-76.55,41.917],[-63.822,-62.25],[-47.903,-77.297],[-14.49,-77.297],[1.43,-62.25],[14.158,41.917],[14.365,44.143],[14.433,44.13],[38.671,61.259]],"c":true},"ix":2},"nm":"Path 1","mn":"ADBE Vector Shape - Group","hd":false},{"ty":"fl","c":{"a":0,"k":[0.862999949736,0.933000033509,1,1],"ix":4},"o":{"a":0,"k":100,"ix":5},"r":1,"bm":0,"nm":"Fill 1","mn":"ADBE Vector Graphic - Fill","hd":false},{"ty":"tr","p":{"a":0,"k":[240.045,296.852],"ix":2},"a":{"a":0,"k":[0,0],"ix":1},"s":{"a":0,"k":[100,100],"ix":3},"r":{"a":0,"k":0,"ix":6},"o":{"a":0,"k":100,"ix":7},"sk":{"a":0,"k":0,"ix":4},"sa":{"a":0,"k":0,"ix":5},"nm":"Transform"}],"nm":"Group 8","np":2,"cix":2,"bm":0,"ix":8,"mn":"ADBE Vector Group","hd":false}],"ip":0,"op":540,"st":0,"bm":0},{"ddd":0,"ind":8,"ty":4,"nm":"toe Outlines","parent":5,"sr":1,"ks":{"o":{"a":0,"k":100,"ix":11},"r":{"a":0,"k":0,"ix":10},"p":{"a":0,"k":[390.5,429.5,0],"ix":2},"a":{"a":0,"k":[390.5,429.5,0],"ix":1},"s":{"a":0,"k":[100,100,100],"ix":6}},"ao":0,"shapes":[{"ty":"gr","it":[{"ind":0,"ty":"sh","ix":1,"ks":{"a":1,"k":[{"i":{"x":0.419,"y":1},"o":{"x":0.624,"y":0},"t":22,"s":[{"i":[[0,0],[0,0],[-15.287,-3.41],[0,0],[0,0]],"o":[[0,0],[0,0],[0,0],[0,0],[0,0]],"v":[[-17.445,-17.719],[-11.258,-5.544],[32.333,-11.76],[-12.083,17.719],[-32.332,-15.476]],"c":true}]},{"i":{"x":0.372,"y":1},"o":{"x":0.577,"y":0},"t":98,"s":[{"i":[[0,0],[0,0],[-15.287,-3.41],[0,0],[0,0]],"o":[[0,0],[0,0],[0,0],[0,0],[0,0]],"v":[[-17.445,-17.719],[-11.258,-5.544],[32.333,-2.76],[-12.083,17.719],[-32.332,-15.476]],"c":true}]},{"i":{"x":0.442,"y":1},"o":{"x":0.561,"y":0},"t":182.645,"s":[{"i":[[0,0],[0,0],[-15.287,-3.41],[0,0],[0,0]],"o":[[0,0],[0,0],[0,0],[0,0],[0,0]],"v":[[-17.445,-17.719],[-11.258,-5.544],[32.333,-11.76],[-12.083,17.719],[-32.332,-15.476]],"c":true}]},{"i":{"x":0.451,"y":1},"o":{"x":0.551,"y":0},"t":252,"s":[{"i":[[0,0],[0,0],[-15.287,-3.41],[0,0],[0,0]],"o":[[0,0],[0,0],[0,0],[0,0],[0,0]],"v":[[-17.445,-17.719],[-11.258,-5.544],[32.333,-2.76],[-12.083,17.719],[-32.332,-15.476]],"c":true}]},{"t":323,"s":[{"i":[[0,0],[0,0],[-15.287,-3.41],[0,0],[0,0]],"o":[[0,0],[0,0],[0,0],[0,0],[0,0]],"v":[[-17.445,-17.719],[-11.258,-5.544],[32.333,-11.76],[-12.083,17.719],[-32.332,-15.476]],"c":true}]}],"ix":2},"nm":"Path 1","mn":"ADBE Vector Shape - Group","hd":false},{"ty":"fl","c":{"a":0,"k":[0,0,0,1],"ix":4},"o":{"a":0,"k":100,"ix":5},"r":1,"bm":0,"nm":"Fill 1","mn":"ADBE Vector Graphic - Fill","hd":false},{"ty":"tr","p":{"a":0,"k":[401.936,423.708],"ix":2},"a":{"a":0,"k":[0,0],"ix":1},"s":{"a":0,"k":[100,100],"ix":3},"r":{"a":0,"k":0,"ix":6},"o":{"a":0,"k":100,"ix":7},"sk":{"a":0,"k":0,"ix":4},"sa":{"a":0,"k":0,"ix":5},"nm":"Transform"}],"nm":"Group 1","np":2,"cix":2,"bm":0,"ix":1,"mn":"ADBE Vector Group","hd":false}],"ip":0,"op":540,"st":0,"bm":0}],"markers":[]}